{
    "enabled": true,
    "neededInstalledMods": [],
    "neededUninstalledMods": [],
    "spawns": [
        {
            "id": "aether-altaria",
            "pokemon": "altaria",
            "presets": ["natural"],
            "type": "pokemon",
            "context": "grounded",
            "bucket": "common",
            "level": "30-45",
            "weight": 30.0,

            "condition": {

              "biomes": ["aether:skyroot_forest", "aether:skyroot_woodland","aether:skyroot_grove", "aether:skyroot_meadow"]

            }
          }
    ]
 }