{
    "enabled": true,
    "neededInstalledMods": [],
    "neededUninstalledMods": [],
    "spawns": [
        {
            "id": "aether-floette",
            "pokemon": "floette flower=pink",
            "presets": ["natural", "uncommon"],
            "type": "pokemon",
            "context": "grounded",
            "bucket": "common",
            "level": "20-35",
            "weight": 30.0,

            "condition": {

              "biomes": ["aether:skyroot_forest", "aether:skyroot_woodland","aether:skyroot_grove", "aether:skyroot_meadow"]
            }
          }
    ]
 }