{
    "enabled": true,
    "neededInstalledMods": [],
    "neededUninstalledMods": [],
    "spawns": [
        {
            "id": "aether-florges",
            "pokemon": "florges flower=pink",
            "presets": ["natural", "rare"],
            "type": "pokemon",
            "context": "grounded",
            "bucket": "uncommon",
            "level": "35-50",
            "weight": 50.0,

            "condition": {

              "biomes": ["aether:skyroot_forest", "aether:skyroot_woodland","aether:skyroot_grove", "aether:skyroot_meadow"]            }
          }
    ]
 }