{
    "enabled": true,
    "neededInstalledMods": [],
    "neededUninstalledMods": [],
    "spawns": [
        {
            "id": "aether-hatenna",
            "pokemon": "hatenna",
            "presets": ["natural"],
            "type": "pokemon",
            "context": "grounded",
            "bucket": "common",
            "level": "1-15",
            "weight": 30.0,
            "condition": {

              "biomes": ["aether:skyroot_forest", "aether:skyroot_woodland","aether:skyroot_grove", "aether:skyroot_meadow"]

            }
          }
    ]
 }