{
    "enabled": true,
    "neededInstalledMods": [],
    "neededUninstalledMods": [],
    "spawns": [
      {
        "id": "aether-nihilego",
        "pokemon": "nihilego",
        "presets": ["natural"],
        "type": "pokemon",
        "context": "grounded",
        "bucket": "rare",
        "level": "60-70",
        "weight": 50.0,

        "condition": {
          "biomes": ["aether:skyroot_forest", "aether:skyroot_woodland","aether:skyroot_grove", "aether:skyroot_meadow"]
        }
      }
    ]
  }
  