{
    "enabled": true,
    "neededInstalledMods": [],
    "neededUninstalledMods": [],
    "spawns": [
      {
        "id": "aether-poipole",
        "pokemon": "poipole",
        "presets": ["natural"],
        "type": "pokemon",
        "context": "grounded",
        "bucket": "rare",
        "level": "50-60",
        "weight": 51.0,

        "condition": {

          "biomes": ["aether:skyroot_forest", "aether:skyroot_woodland","aether:skyroot_grove", "aether:skyroot_meadow"]
        }
      }
    ]
  }
  