{
    "enabled": true,
    "neededInstalledMods": [],
    "neededUninstalledMods": [],
    "spawns": [
        {
            "id": "aether-ralts",
            "pokemon": "ralts",
            "presets": ["natural"],
            "type": "pokemon",
            "context": "grounded",
            "bucket": "uncommon",
            "level": "10-20",
            "weight": 50.0,

            "condition": {
              
              "biomes": ["aether:skyroot_forest", "aether:skyroot_woodland","aether:skyroot_grove", "aether:skyroot_meadow"]
            }
          }
    ]
 }