{
    "enabled": true,
    "neededInstalledMods": [],
    "neededUninstalledMods": [],
    "spawns": [
      {
        "id": "aether-typenull",
        "pokemon": "typenull",
        "presets": ["natural"],
        "type": "pokemon",
        "context": "grounded",
        "bucket": "ultra-rare",
        "level": "50-60",
        "weight": 10.0,

        "condition": {

          "biomes": ["aether:skyroot_forest", "aether:skyroot_woodland","aether:skyroot_grove", "aether:skyroot_meadow"]

        }
      }
    ]
  }
  