{
    "enabled": true,
    "neededInstalledMods": [],
    "neededUninstalledMods": [],
    "spawns": [
        {
            "id": "aether-whimsicott",
            "pokemon": "whimsicott",
            "presets": ["natural"],
            "type": "pokemon",
            "context": "grounded",
            "bucket": "uncommon",
            "level": "25-40",
            "weight": 30.0,

            "condition": {

              "biomes": ["aether:skyroot_forest", "aether:skyroot_woodland","aether:skyroot_grove", "aether:skyroot_meadow"]

            }
          }
    ]
 }